-- drop table app if exists
-- drop table app_to_content_type if exists
-- drop table user if exists
-- create table app (id integer generated by default as identity, name varchar(255), type integer, user_id integer, primary key (id))
-- create table app_to_content_type (id integer not null, content_types integer)
-- create table user (id integer generated by default as identity, email varchar(255), name varchar(255), password varchar(255), role integer, user_name varchar(255), primary key (id))
-- alter table app add constraint FKb775bhj36snm8ctpd0903cfg0 foreign key (user_id) references user
-- alter table app_to_content_type add constraint FK5g0ylncdbir9dv8epergs8yqs foreign key (id) references app

INSERT into user VALUES (1,'test@gmail.com', 'John Smith', 'admin1',0,'admin1')
INSERT into user VALUES (2,'teo@gmail.com', 'Teodor Kim', 'adops1',1,'adops1')
INSERT into user VALUES (3,'bernar@gmail.com', 'Ser Bernar', 'pub1',2,'pub1')
INSERT into user VALUES (4,'test2@gmail.com', 'John2 Smith', 'admin2',0,'admin2')
INSERT into user VALUES (5, 'teo2@gmail.com', 'Teodor2 Kim', 'adops2',1,'adops2')
INSERT into user VALUES (6,'bernar2@gmail.com', 'Ser2 Bernar', 'pub2',2,'pub2')
INSERT INTO app VALUES (1,'application1',1,3)
INSERT INTO app VALUES (2,'application2',2,3)
INSERT INTO app VALUES (3,'application3',1,3)
INSERT INTO app VALUES (4,'application4',2,3)
INSERT INTO app VALUES (5,'application5',1,6)
INSERT INTO app VALUES (6,'application6',2,6)
INSERT INTO app VALUES (7,'application7',1,6)
INSERT INTO app VALUES (8,'application8',2,6)
INSERT INTO app_to_content_type VALUES  (1,1)
INSERT INTO app_to_content_type VALUES  (1,2)
INSERT INTO app_to_content_type VALUES  (2,0)
INSERT INTO app_to_content_type VALUES  (2,2)
INSERT INTO app_to_content_type VALUES  (3,1)
INSERT INTO app_to_content_type VALUES  (3,2)
INSERT INTO app_to_content_type VALUES  (3,0)
INSERT INTO app_to_content_type VALUES  (4,2)
INSERT INTO app_to_content_type VALUES  (5,1)
INSERT INTO app_to_content_type VALUES  (5,2)
INSERT INTO app_to_content_type VALUES  (6,0)
INSERT INTO app_to_content_type VALUES  (6,2)
INSERT INTO app_to_content_type VALUES  (7,1)
INSERT INTO app_to_content_type VALUES  (7,2)
INSERT INTO app_to_content_type VALUES  (7,0)
INSERT INTO app_to_content_type VALUES  (8,2)

